Face ID,Face name in the CFD database
2223,CFD-AF-200-228-N.jpg
2224,CFD-AF-201-060-N.jpg
2225,CFD-AF-202-122-N.jpg
2226,CFD-AF-203-077-N.jpg
2227,CFD-AF-204-067-N.jpg
2228,CFD-AF-205-155-N.jpg
2229,CFD-AF-206-079-N.jpg
2230,CFD-AF-207-023-N.jpg
2231,CFD-AF-208-003-N.jpg
2232,CFD-AF-209-006-N.jpg
2233,CFD-AF-210-050-N.jpg
2234,CFD-AF-211-066-N.jpg
2235,CFD-AF-212-097-N.jpg
2236,CFD-AF-213-126-N.jpg
2237,CFD-AF-214-139-N.jpg
2238,CFD-AF-215-70-N.jpg
2239,CFD-AF-216-106-N.jpg
2240,CFD-AF-217-155-N.jpg
2241,CFD-AF-218-157-N.jpg
2242,CFD-AF-219-106-N.jpg
2243,CFD-AF-220-107-N.jpg
2244,CFD-AF-221-147-N.jpg
2245,CFD-AF-222-134-N.jpg
2246,CFD-AF-223-183-N.jpg
2247,CFD-AF-224-026-N.jpg
2248,CFD-AF-225-141-N.jpg
2249,CFD-AF-226-251-N.jpg
2250,CFD-AF-227-207-N.jpg
2251,CFD-AF-228-173-N.jpg
2252,CFD-AF-229-160-N.jpg
2253,CFD-AF-230-193-N.jpg
2254,CFD-AF-231-357-N.jpg
2255,CFD-AF-232-078-N.jpg
2256,CFD-AF-233-190-N.jpg
2257,CFD-AF-234-208-N.jpg
2258,CFD-AF-235-170-N.jpg
2259,CFD-AF-236-145-N.jpg
2260,CFD-AF-237-223-N.jpg
2261,CFD-AF-238-185-N.jpg
2262,CFD-AF-239-171-N.jpg
2263,CFD-AF-240-206-N.jpg
2264,CFD-AF-241-141-N.jpg
2265,CFD-AF-242-158-N.jpg
2266,CFD-AF-243-170-N.jpg
2267,CFD-AF-244-168-N.jpg
2268,CFD-AF-245-143-N.jpg
2269,CFD-AF-246-242-N.jpg
2270,CFD-AF-247-278-N.jpg
2271,CFD-AF-248-148-N.jpg
2272,CFD-AF-249-092-N.jpg
2273,CFD-AF-250-200-N.jpg
2274,CFD-AF-251-093-N.jpg
2275,CFD-AF-252-135-N.jpg
2276,CFD-AF-253-130-N.jpg
2277,CFD-AF-254-167-N.jpg
2278,CFD-AF-255-209-N.jpg
2279,CFD-AF-256-160-N.jpg
2280,CFD-AM-201-076-N.jpg
2281,CFD-AM-202-079-N.jpg
2282,CFD-AM-203-086-N.jpg
2283,CFD-AM-204-122-N.jpg
2284,CFD-AM-205-153-N.jpg
2285,CFD-AM-206-086-N.jpg
2286,CFD-AM-207-108-N.jpg
2287,CFD-AM-208-143-N.jpg
2288,CFD-AM-209-048-N.jpg
2289,CFD-AM-210-035-N.jpg
2290,CFD-AM-211-052-N.jpg
2291,CFD-AM-212-050-N.jpg
2292,CFD-AM-213-056-N.jpg
2293,CFD-AM-214-168-N.jpg
2294,CFD-AM-215-120-N.jpg
2295,CFD-AM-216-114-N.jpg
2296,CFD-AM-217-085-N.jpg
2297,CFD-AM-218-085-N.jpg
2298,CFD-AM-219-101-N.jpg
2299,CFD-AM-220-134-N.jpg
2300,CFD-AM-221-184-N.jpg
2301,CFD-AM-223-138-N.jpg
2302,CFD-AM-224-126-N.jpg
2303,CFD-AM-225-102-N.jpg
2304,CFD-AM-226-234-N.jpg
2305,CFD-AM-227-184-N.jpg
2306,CFD-AM-228-214-N.jpg
2307,CFD-AM-229-224-N.jpg
2308,CFD-AM-230-150-N.jpg
2309,CFD-AM-231-136-N.jpg
2310,CFD-AM-232-251-N.jpg
2311,CFD-AM-233-236-N.jpg
2312,CFD-AM-234-355-N.jpg
2313,CFD-AM-235-241-N.jpg
2314,CFD-AM-236-090-N.jpg
2315,CFD-AM-237-154-N.jpg
2316,CFD-AM-238-269-N.jpg
2317,CFD-AM-239-147-N.jpg
2318,CFD-AM-240-191-N.jpg
2319,CFD-AM-241-287-N.jpg
2320,CFD-AM-242-176-N.jpg
2321,CFD-AM-243-212-N.jpg
2322,CFD-AM-244-222-N.jpg
2323,CFD-AM-245-111-N.jpg
2324,CFD-AM-246-184-N.jpg
2325,CFD-AM-247-165-N.jpg
2326,CFD-AM-248-104-N.jpg
2327,CFD-AM-249-163-N.jpg
2328,CFD-AM-250-149-N.jpg
2329,CFD-AM-251-124-N.jpg
2330,CFD-AM-252-114-N.jpg
2331,CFD-AM-253-161-N.jpg
2332,CFD-BF-001-025-N.jpg
2333,CFD-BF-002-001-N.jpg
2334,CFD-BF-003-003-N.jpg
2335,CFD-BF-004-014-N.jpg
2336,CFD-BF-005-001-N.jpg
2337,CFD-BF-006-017-N.jpg
2338,CFD-BF-007-001-N.jpg
2339,CFD-BF-008-001-N.jpg
2340,CFD-BF-009-002-N.jpg
2341,CFD-BF-010-001-N.jpg
2342,CFD-BF-011-002-N.jpg
2343,CFD-BF-012-001-N.jpg
2344,CFD-BF-013-001-N.jpg
2345,CFD-BF-014-002-N.jpg
2346,CFD-BF-015-004-N.jpg
2347,CFD-BF-016-017-N.jpg
2348,CFD-BF-017-003-N.jpg
2349,CFD-BF-018-039-N.jpg
2350,CFD-BF-019-001-N.jpg
2351,CFD-BF-020-002-N.jpg
2352,CFD-BF-021-013-N.jpg
2353,CFD-BF-023-010-N.jpg
2354,CFD-BF-024-002-N.jpg
2355,CFD-BF-025-002-N.jpg
2356,CFD-BF-027-002-N.jpg
2357,CFD-BF-028-001-N.jpg
2358,CFD-BF-029-031-N.jpg
2359,CFD-BF-030-002-N.jpg
2360,CFD-BF-031-002-N.jpg
2361,CFD-BF-032-038-N.jpg
2362,CFD-BF-033-028-N.jpg
2363,CFD-BF-034-002-N.jpg
2364,CFD-BF-035-001-N.jpg
2365,CFD-BF-036-027-N.jpg
2366,CFD-BF-037-022-N.jpg
2367,CFD-BF-038-037-N.jpg
2368,CFD-BF-039-031-N.jpg
2369,CFD-BF-040-003-N.jpg
2370,CFD-BF-041-001-N.jpg
2371,CFD-BF-042-026-N.jpg
2372,CFD-BF-043-003-N.jpg
2373,CFD-BF-044-034-N.jpg
2374,CFD-BF-045-003-N.jpg
2375,CFD-BF-047-003-N.jpg
2376,CFD-BF-048-002-N.jpg
2377,CFD-BF-049-032-N.jpg
2378,CFD-BF-050-003-N.jpg
2379,CFD-BF-051-035-N.jpg
2380,CFD-BF-200-080-N.jpg
2381,CFD-BF-201-080-N.jpg
2382,CFD-BF-202-109-N.jpg
2383,CFD-BF-203-184-N.jpg
2384,CFD-BF-204-189-N.jpg
2385,CFD-BF-205-141-N.jpg
2386,CFD-BF-206-143-N.jpg
2387,CFD-BF-207-004-N.jpg
2388,CFD-BF-208-266-N.jpg
2389,CFD-BF-209-172-N.jpg
2390,CFD-BF-210-130-N.jpg
2391,CFD-BF-211-168-N.jpg
2392,CFD-BF-212-315-N.jpg
2393,CFD-BF-213-188-N.jpg
2394,CFD-BF-214-308-N.jpg
2395,CFD-BF-215-177-N.jpg
2396,CFD-BF-216-132-N.jpg
2397,CFD-BF-217-189-N.jpg
2398,CFD-BF-218-207-N.jpg
2399,CFD-BF-219-137-N.jpg
2400,CFD-BF-220-161-N.jpg
2401,CFD-BF-221-223-N.jpg
2402,CFD-BF-222-240-N.jpg
2403,CFD-BF-223-250-N.jpg
2404,CFD-BF-224-002-N.jpg
2405,CFD-BF-225-192-N.jpg
2406,CFD-BF-226-119-N.jpg
2407,CFD-BF-227-137-N.jpg
2408,CFD-BF-228-212-N.jpg
2409,CFD-BF-229-179-N.jpg
2410,CFD-BF-230-189-N.jpg
2411,CFD-BF-231-202-N.jpg
2412,CFD-BF-232-187-N.jpg
2413,CFD-BF-233-116-N.jpg
2414,CFD-BF-234-167-N.jpg
2415,CFD-BF-235-168-N.jpg
2416,CFD-BF-236-177-N.jpg
2417,CFD-BF-237-172-N.jpg
2418,CFD-BF-238-190-N.jpg
2419,CFD-BF-239-180-N.jpg
2420,CFD-BF-240-179-N.jpg
2421,CFD-BF-241-222-N.jpg
2422,CFD-BF-242-154-N.jpg
2423,CFD-BF-243-164-N.jpg
2424,CFD-BF-244-231-N.jpg
2425,CFD-BF-245-178-N.jpg
2426,CFD-BF-246-170-N.jpg
2427,CFD-BF-247-179-N.jpg
2428,CFD-BF-248-149-N.jpg
2429,CFD-BF-249-091-N.jpg
2430,CFD-BF-250-121-N.jpg
2431,CFD-BF-251-211-N.jpg
2432,CFD-BF-252-191-N.jpg
2433,CFD-BF-253-202-N.jpg
2434,CFD-BF-254-201-N.jpg
2435,CFD-BF-255-140-N.jpg
2436,CFD-BM-001-014-N.jpg
2437,CFD-BM-002-013-N.jpg
2438,CFD-BM-003-003-N.jpg
2439,CFD-BM-004-002-N.jpg
2440,CFD-BM-005-003-N.jpg
2441,CFD-BM-009-002-N.jpg
2442,CFD-BM-010-003-N.jpg
2443,CFD-BM-011-016-N.jpg
2444,CFD-BM-012-018-N.jpg
2445,CFD-BM-013-002-N.jpg
2446,CFD-BM-015-015-N.jpg
2447,CFD-BM-016-036-N.jpg
2448,CFD-BM-017-021-N.jpg
2449,CFD-BM-018-001-N.jpg
2450,CFD-BM-019-002-N.jpg
2451,CFD-BM-020-001-N.jpg
2452,CFD-BM-021-021-N.jpg
2453,CFD-BM-022-022-N.jpg
2454,CFD-BM-023-029-N.jpg
2455,CFD-BM-024-001-N.jpg
2456,CFD-BM-025-035-N.jpg
2457,CFD-BM-026-002-N.jpg
2458,CFD-BM-027-001-N.jpg
2459,CFD-BM-028-002-N.jpg
2460,CFD-BM-029-024-N.jpg
2461,CFD-BM-030-003-N.jpg
2462,CFD-BM-031-003-N.jpg
2463,CFD-BM-032-024-N.jpg
2464,CFD-BM-033-003-N.jpg
2465,CFD-BM-034-031-N.jpg
2466,CFD-BM-036-003-N.jpg
2467,CFD-BM-037-033-N.jpg
2468,CFD-BM-038-001-N.jpg
2469,CFD-BM-039-029-N.jpg
2470,CFD-BM-040-002-N.jpg
2471,CFD-BM-041-035-N.jpg
2472,CFD-BM-043-071-N.jpg
2473,CFD-BM-044-001-N.jpg
2474,CFD-BM-045-004-N.jpg
2475,CFD-BM-046-006-N.jpg
2476,CFD-BM-200-046-N.jpg
2477,CFD-BM-201-077-N.jpg
2478,CFD-BM-202-063-N.jpg
2479,CFD-BM-203-001-N.jpg
2480,CFD-BM-204-003-N.jpg
2481,CFD-BM-205-001-N.jpg
2482,CFD-BM-206-114-N.jpg
2483,CFD-BM-207-024-N.jpg
2484,CFD-BM-208-065-N.jpg
2485,CFD-BM-209-088-N.jpg
2486,CFD-BM-210-148-N.jpg
2487,CFD-BM-211-174-N.jpg
2488,CFD-BM-212-117-N.jpg
2489,CFD-BM-213-134-N.jpg
2490,CFD-BM-214-075-N.jpg
2491,CFD-BM-215-155-N.jpg
2492,CFD-BM-216-088-N.jpg
2493,CFD-BM-217-082-N.jpg
2494,CFD-BM-218-132-N.jpg
2495,CFD-BM-219-141-N.jpg
2496,CFD-BM-221-198-N.jpg
2497,CFD-BM-222-173-N.jpg
2498,CFD-BM-223-171-N.jpg
2499,CFD-BM-224-073-N.jpg
2500,CFD-BM-225-154-N.jpg
2501,CFD-BM-226-276-N.jpg
2502,CFD-BM-227-191-N.jpg
2503,CFD-BM-228-145-N.jpg
2504,CFD-BM-229-209-N.jpg
2505,CFD-BM-230-232-N.jpg
2506,CFD-BM-231-155-N.jpg
2507,CFD-BM-232-213-N.jpg
2508,CFD-BM-233-285-N.jpg
2509,CFD-BM-234-172-N.jpg
2510,CFD-BM-235-226-N.jpg
2511,CFD-BM-236-248-N.jpg
2512,CFD-BM-237-188-N.jpg
2513,CFD-BM-238-242-N.jpg
2514,CFD-BM-239-136-N.jpg
2515,CFD-BM-240-207-N.jpg
2516,CFD-BM-241-235-N.jpg
2517,CFD-BM-242-233-N.jpg
2518,CFD-BM-243-218-N.jpg
2519,CFD-BM-244-197-N.jpg
2520,CFD-BM-245-164-N.jpg
2521,CFD-BM-246-192-N.jpg
2522,CFD-BM-247-240-N.jpg
2523,CFD-BM-248-128-N.jpg
2524,CFD-BM-249-235-N.jpg
2525,CFD-BM-250-170-N.jpg
2526,CFD-BM-251-013-N.jpg
2527,CFD-BM-252-161-N.jpg
2528,CFD-BM-253-004-N.jpg
2529,CFD-LF-200-058-N.jpg
2530,CFD-LF-201-035-N.jpg
2531,CFD-LF-202-065-N.jpg
2532,CFD-LF-203-066-N.jpg
2533,CFD-LF-204-133-N.jpg
2534,CFD-LF-205-100-N.jpg
2535,CFD-LF-206-078-N.jpg
2536,CFD-LF-207-198-N.jpg
2537,CFD-LF-208-127-N.jpg
2538,CFD-LF-209-072-N.jpg
2539,CFD-LF-210-220-N.jpg
2540,CFD-LF-211-003-N.jpg
2541,CFD-LF-212-066-N.jpg
2542,CFD-LF-213-079-N.jpg
2543,CFD-LF-214-090-N.jpg
2544,CFD-LF-215-157-N.jpg
2545,CFD-LF-216-121-N.jpg
2546,CFD-LF-217-082-N.jpg
2547,CFD-LF-218-072-N.jpg
2548,CFD-LF-219-223-N.jpg
2549,CFD-LF-220-120-N.jpg
2550,CFD-LF-221-002-N.jpg
2551,CFD-LF-222-147-N.jpg
2552,CFD-LF-223-064-N.jpg
2553,CFD-LF-224-176-N.jpg
2554,CFD-LF-225-164-N.jpg
2555,CFD-LF-226-174-N.jpg
2556,CFD-LF-227-054-N.jpg
2557,CFD-LF-228-125-N.jpg
2558,CFD-LF-229-164-N.jpg
2559,CFD-LF-230-203-N.jpg
2560,CFD-LF-231-260-N.jpg
2561,CFD-LF-232-199-N.jpg
2562,CFD-LF-233-277-N.jpg
2563,CFD-LF-234-139-N.jpg
2564,CFD-LF-235-219-N.jpg
2565,CFD-LF-236-221-N.jpg
2566,CFD-LF-237-190-N.jpg
2567,CFD-LF-238-154-N.jpg
2568,CFD-LF-239-148-N.jpg
2569,CFD-LF-240-199-N.jpg
2570,CFD-LF-241-188-N.jpg
2571,CFD-LF-242-121-N.jpg
2572,CFD-LF-243-175-N.jpg
2573,CFD-LF-244-096-N.jpg
2574,CFD-LF-245-166-N.jpg
2575,CFD-LF-246-129-N.jpg
2576,CFD-LF-247-051-N.jpg
2577,CFD-LF-248-160-N.jpg
2578,CFD-LF-249-132-N.jpg
2579,CFD-LF-250-169-N.jpg
2580,CFD-LF-251-057-N.jpg
2581,CFD-LF-252-172-N.jpg
2582,CFD-LF-253-003-N.jpg
2583,CFD-LF-254-125-N.jpg
2584,CFD-LF-255-088-N.jpg
2585,CFD-LM-200-045-N.jpg
2586,CFD-LM-201-057-N.jpg
2587,CFD-LM-202-072-N.jpg
2588,CFD-LM-203-026-N.jpg
2589,CFD-LM-204-001-N.jpg
2590,CFD-LM-206-204-N.jpg
2591,CFD-LM-207-004-N.jpg
2592,CFD-LM-208-110-N.jpg
2593,CFD-LM-209-111-N.jpg
2594,CFD-LM-210-156-N.jpg
2595,CFD-LM-211-128-N.jpg
2596,CFD-LM-212-143-N.jpg
2597,CFD-LM-213-061-N.jpg
2598,CFD-LM-214-165-N.jpg
2599,CFD-LM-215-247-N.jpg
2600,CFD-LM-216-082-N.jpg
2601,CFD-LM-217-162-N.jpg
2602,CFD-LM-218-183-N.jpg
2603,CFD-LM-219-295-N.jpg
2604,CFD-LM-220-329-N.jpg
2605,CFD-LM-221-216-N.jpg
2606,CFD-LM-222-239-N.jpg
2607,CFD-LM-223-175-N.jpg
2608,CFD-LM-224-162-N.jpg
2609,CFD-LM-225-130-N.jpg
2610,CFD-LM-226-175-N.jpg
2611,CFD-LM-227-103-N.jpg
2612,CFD-LM-228-188-N.jpg
2613,CFD-LM-229-187-N.jpg
2614,CFD-LM-230-202-N.jpg
2615,CFD-LM-231-214-N.jpg
2616,CFD-LM-232-204-N.jpg
2617,CFD-LM-233-171-N.jpg
2618,CFD-LM-234-176-N.jpg
2619,CFD-LM-235-231-N.jpg
2620,CFD-LM-236-163-N.jpg
2621,CFD-LM-237-264-N.jpg
2622,CFD-LM-238-129-N.jpg
2623,CFD-LM-239-075-N.jpg
2624,CFD-LM-240-013-N.jpg
2625,CFD-LM-241-125-N.jpg
2626,CFD-LM-242-002-N.jpg
2627,CFD-LM-243-075-N.jpg
2628,CFD-LM-244-068-N.jpg
2629,CFD-LM-246-087-N.jpg
2630,CFD-LM-247-095-N.jpg
2631,CFD-LM-248-089-N.jpg
2632,CFD-LM-249-001-N.jpg
2633,CFD-LM-250-077-N.jpg
2634,CFD-LM-251-073-N.jpg
2635,CFD-LM-252-076-N.jpg
2636,CFD-LM-253-075-N.jpg
2637,CFD-WF-001-003-N.jpg
2638,CFD-WF-002-004-N.jpg
2639,CFD-WF-003-003-N.jpg
2640,CFD-WF-005-010-N.jpg
2641,CFD-WF-006-002-N.jpg
2642,CFD-WF-007-001-N.jpg
2643,CFD-WF-008-002-N.jpg
2644,CFD-WF-009-001-N.jpg
2645,CFD-WF-010-004-N.jpg
2646,CFD-WF-011-002-N.jpg
2647,CFD-WF-012-002-N.jpg
2648,CFD-WF-013-003-N.jpg
2649,CFD-WF-014-002-N.jpg
2650,CFD-WF-015-006-N.jpg
2651,CFD-WF-016-015-N.jpg
2652,CFD-WF-017-003-N.jpg
2653,CFD-WF-018-017-N.jpg
2654,CFD-WF-019-005-N.jpg
2655,CFD-WF-020-002-N.jpg
2656,CFD-WF-021-002-N.jpg
2657,CFD-WF-022-017-N.jpg
2658,CFD-WF-023-003-N.jpg
2659,CFD-WF-024-003-N.jpg
2660,CFD-WF-025-019-N.jpg
2661,CFD-WF-026-002-N.jpg
2662,CFD-WF-027-003-N.jpg
2663,CFD-WF-028-023-N.jpg
2664,CFD-WF-029-002-N.jpg
2665,CFD-WF-030-002-N.jpg
2666,CFD-WF-031-027-N.jpg
2667,CFD-WF-033-002-N.jpg
2668,CFD-WF-034-006-N.jpg
2669,CFD-WF-035-024-N.jpg
2670,CFD-WF-036-023-N.jpg
2671,CFD-WF-037-029-N.jpg
2672,CFD-WF-038-021-N.jpg
2673,CFD-WF-039-025-N.jpg
2674,CFD-WF-200-099-N.jpg
2675,CFD-WF-201-156-N.jpg
2676,CFD-WF-202-056-N.jpg
2677,CFD-WF-203-229-N.jpg
2678,CFD-WF-204-038-N.jpg
2679,CFD-WF-205-006-N.jpg
2680,CFD-WF-206-147-N.jpg
2681,CFD-WF-207-014-N.jpg
2682,CFD-WF-208-068-N.jpg
2683,CFD-WF-209-052-N.jpg
2684,CFD-WF-210-086-N.jpg
2685,CFD-WF-211-001-N.jpg
2686,CFD-WF-212-050-N.jpg
2687,CFD-WF-213-031-N.jpg
2688,CFD-WF-214-122-N.jpg
2689,CFD-WF-215-145-N.jpg
2690,CFD-WF-216-079-N.jpg
2691,CFD-WF-217-085-N.jpg
2692,CFD-WF-218-087-N.jpg
2693,CFD-WF-219-038-N.jpg
2694,CFD-WF-220-101-N.jpg
2695,CFD-WF-221-005-N.jpg
2696,CFD-WF-222-092-N.jpg
2697,CFD-WF-223-133-N.jpg
2698,CFD-WF-224-099-N.jpg
2699,CFD-WF-225-101-N.jpg
2700,CFD-WF-226-095-N.jpg
2701,CFD-WF-227-002-N.jpg
2702,CFD-WF-228-196-N.jpg
2703,CFD-WF-229-004-N.jpg
2704,CFD-WF-230-158-N.jpg
2705,CFD-WF-231-099-N.jpg
2706,CFD-WF-232-161-N.jpg
2707,CFD-WF-233-112-N.jpg
2708,CFD-WF-234-086-N.jpg
2709,CFD-WF-235-121-N.jpg
2710,CFD-WF-236-107-N.jpg
2711,CFD-WF-237-067-N.jpg
2712,CFD-WF-238-023-N.jpg
2713,CFD-WF-239-155-N.jpg
2714,CFD-WF-240-083-N.jpg
2715,CFD-WF-241-210-N.jpg
2716,CFD-WF-242-001-N.jpg
2717,CFD-WF-243-148-N.jpg
2718,CFD-WF-244-163-N.jpg
2719,CFD-WF-245-084-N.jpg
2720,CFD-WF-246-087-N.jpg
2721,CFD-WF-247-065-N.jpg
2722,CFD-WF-248-129-N.jpg
2723,CFD-WF-249-126-N.jpg
2724,CFD-WF-250-167-N.jpg
2725,CFD-WF-251-014-N.jpg
2726,CFD-WF-252-159-N.jpg
2727,CFD-WM-001-014-N.jpg
2728,CFD-WM-002-009-N.jpg
2729,CFD-WM-003-002-N.jpg
2730,CFD-WM-004-010-N.jpg
2731,CFD-WM-006-002-N.jpg
2732,CFD-WM-009-002-N.jpg
2733,CFD-WM-010-001-N.jpg
2734,CFD-WM-011-002-N.jpg
2735,CFD-WM-012-001-N.jpg
2736,CFD-WM-013-001-N.jpg
2737,CFD-WM-014-002-N.jpg
2738,CFD-WM-015-002-N.jpg
2739,CFD-WM-016-001-N.jpg
2740,CFD-WM-017-002-N.jpg
2741,CFD-WM-018-002-N.jpg
2742,CFD-WM-019-003-N.jpg
2743,CFD-WM-020-001-N.jpg
2744,CFD-WM-021-001-N.jpg
2745,CFD-WM-022-001-N.jpg
2746,CFD-WM-023-001-N.jpg
2747,CFD-WM-024-015-N.jpg
2748,CFD-WM-025-002-N.jpg
2749,CFD-WM-026-001-N.jpg
2750,CFD-WM-028-003-N.jpg
2751,CFD-WM-029-023-N.jpg
2752,CFD-WM-031-003-N.jpg
2753,CFD-WM-032-001-N.jpg
2754,CFD-WM-033-025-N.jpg
2755,CFD-WM-034-030-N.jpg
2756,CFD-WM-035-032-N.jpg
2757,CFD-WM-036-031-N.jpg
2758,CFD-WM-037-025-N.jpg
2759,CFD-WM-038-003-N.jpg
2760,CFD-WM-039-018-N.jpg
2761,CFD-WM-040-022-N.jpg
2762,CFD-WM-041-021-N.jpg
2763,CFD-WM-200-034-N.jpg
2764,CFD-WM-201-063-N.jpg
2765,CFD-WM-202-107-N.jpg
2766,CFD-WM-203-023-N.jpg
2767,CFD-WM-204-031-N.jpg
2768,CFD-WM-205-007-N.jpg
2769,CFD-WM-206-045-N.jpg
2770,CFD-WM-207-048-N.jpg
2771,CFD-WM-208-068-N.jpg
2772,CFD-WM-209-038-N.jpg
2773,CFD-WM-210-057-N.jpg
2774,CFD-WM-211-054-N.jpg
2775,CFD-WM-212-097-N.jpg
2776,CFD-WM-213-076-N.jpg
2777,CFD-WM-214-026-N.jpg
2778,CFD-WM-215-041-N.jpg
2779,CFD-WM-216-061-N.jpg
2780,CFD-WM-217-070-N.jpg
2781,CFD-WM-218-074-N.jpg
2782,CFD-WM-219-008-N.jpg
2783,CFD-WM-220-068-N.jpg
2784,CFD-WM-221-091-N.jpg
2785,CFD-WM-222-057-N.jpg
2786,CFD-WM-223-056-N.jpg
2787,CFD-WM-224-197-N.jpg
2788,CFD-WM-225-127-N.jpg
2789,CFD-WM-227-099-N.jpg
2790,CFD-WM-228-065-N.jpg
2791,CFD-WM-229-129-N.jpg
2792,CFD-WM-230-131-N.jpg
2793,CFD-WM-231-112-N.jpg
2794,CFD-WM-232-070-N.jpg
2795,CFD-WM-233-106-N.jpg
2796,CFD-WM-234-118-N.jpg
2797,CFD-WM-235-147-N.jpg
2798,CFD-WM-236-072-N.jpg
2799,CFD-WM-237-052-N.jpg
2800,CFD-WM-238-020-N.jpg
2801,CFD-WM-239-128-N.jpg
2802,CFD-WM-240-125-N.jpg
2803,CFD-WM-241-072-N.jpg
2804,CFD-WM-242-011-N.jpg
2805,CFD-WM-243-107-N.jpg
2806,CFD-WM-244-003-N.jpg
2807,CFD-WM-245-123-N.jpg
2808,CFD-WM-247-084-N.jpg
2809,CFD-WM-248-036-N.jpg
2810,CFD-WM-249-239-N.jpg
2811,CFD-WM-250-157-N.jpg
2812,CFD-WM-251-002-N.jpg
2813,CFD-WM-252-224-N.jpg
2814,CFD-WM-253-119-N.jpg
2815,CFD-WM-254-152-N.jpg
2816,CFD-WM-255-219-N.jpg
2817,CFD-WM-256-138-N.jpg
2818,CFD-WM-257-161-N.jpg
2819,CFD-WM-258-125-N.jpg
